ID;Başvuru No;Karar Adı;Sonuç;AYM Sonucu;Hak Özgürlük (AYM);Müdahale İddiası (AYM);YENİ - Akıllı Arama Önerileri;YENİ - AI Kural;YENİ - Olay Tabanlı Karar Özeti;AI Neden Önemli;AI Benzer Başvuruda Dikkat;Özet Kalite;Kural Kalite;Kalite Notu
"1";"2023/24616";"VOLKAN CEYLİ BAŞVURUSU";"İhlal";"Açıkça Dayanaktan Yoksunluk";"Eğitim Hakkı";"Eğitim Hakkı";"[""diploma denklik işlemleri"",""seviye tespit sınavı"",""yurt dışı eğitim denklik şartları"",""eğitim hakkı ihlali"",""yükseköğretim kalite güvencesi"",""uluslararası eğitim tanıma sözleşmeleri""]";"Yurt dışında alınan yükseköğretim diplomalarının ulusal denklik işlemlerinde, eğitim kalitesinin ve mesleki yeterliliğin korunması amacıyla, somut ve bireysel değerlendirmeye dayalı olarak seviye tespit sınavı ve ek ders tamamlama gibi makul ve ölçülü koşullar getirilebilir; bu koşullar, eğitim hakkına yapılan müdahalenin meşru amaçlı, gerekli ve orantılı olması halinde ihlal teşkil etmez.";"Başvurucu, Kuzey Makedonya'da hukuk lisans eğitimini tamamladıktan sonra Türkiye'de diplomasına denklik verilmesi talebiyle YÖK'e başvurmuştur. YÖK, başvurucunun eğitiminde Türkiye'deki hukuk müfredatı ile önemli farklılıklar tespit etmiş ve denklik için seviye tespit sınavına girip başarılı olması ile eksik dersleri tamamlamasını şart koşmuştur. Başvurucu, bu koşulların eğitim hakkını ihlal ettiğini iddia ederek yargı yoluna başvurmuş, ancak mahkemeler YÖK'ün uygulamasını hukuka uygun bulmuştur. Anayasa Mahkemesi de başvurucunun eğitim hakkına yönelik müdahalenin meşru amaçlı, gerekli ve ölçülü olduğunu belirterek ihlal iddiasını açıkça dayanaktan yoksun bularak kabul edilemez kararı vermiştir.";"Bu karar, yurt dışında alınan eğitimlerin ulusal denklik süreçlerinde seviye tespit sınavı ve ek ders tamamlama gibi koşulların eğitim hakkına müdahale sayılmayacağını, bu tür müdahalelerin ulusal eğitim kalitesinin korunması amacıyla meşru, gerekli ve ölçülü olabileceğini ortaya koyması bakımından önemlidir. Böylece, yabancı diplomaların tanınmasında kalite güvencesi ve mesleki yeterlilik kriterlerinin korunması yönündeki idari takdir yetkisinin sınırları netleşmiştir.";"1) Denklik başvurusu yaparken eğitim aldığınız kurumun ve programın YÖK tarafından tanınırlık durumunu güncel olarak takip edin. 2) Başvurunuza, aldığınız derslerin içerik ve kredilerini gösteren ayrıntılı transkript ve müfredat belgelerini ekleyin. 3) Seviye tespit sınavı ve ek ders taleplerine karşı itirazlarınızı somut bilimsel ve hukuki gerekçelerle destekleyin. 4) Başvuru sürecinde YÖK'ün ilgili komisyonlarının karar ve raporlarını dikkatle inceleyin ve hukuki dayanaklarını sorgulayın. 5) Başvuru süresine ve itiraz kanun yollarına ilişkin süreleri kesinlikle kaçırmayın.";"geçti";"geçti";"Karar özeti başvurucunun Kuzey Makedonya'da hukuk eğitimi alması, YÖK'ün denklik için seviye tespit sınavı ve ek ders şartı koyması, mahkemelerin bu uygulamayı hukuka uygun bulması ve Anayasa Mahkemesi'nin müdahalenin meşru, gerekli ve ölçülü olduğunu belirterek ihlal iddiasını açıkça dayanaktan yoksun bulması gibi somut olay ve olguları net şekilde içermektedir. Neden önemli kısmı da özette anlatılan somut olaya tam uyumlu, kararın önemini açıklayıcı niteliktedir. Benzer başvurularda dikkat edilmesi gereken hususlar somut ve pratik öneriler içerir. Kural kısmı ise genel, kurumsal ve kapsayıcı olup özel isim, dava numarası veya tarih içermemektedir. Tüm alanlar Anayasa Mahkemesi kararının kalite kriterlerine uygundur."
"2";"2023/22631";"YUNUS EMRE VATANKULU BAŞVURUSU";"İhlal";"İhlal";"Adil Yargılanma Hakkı (Suç İsnadı)";"Adil Yargılanma Hakkı | Gerekçeli Karar Hakkı";"[""tanık sorgulama hakkı"",""adil yargılanma hakkı"",""karşı dengeleyici güvenceler"",""SEGBİS ile tanık dinlenmesi"",""belirleyici delil"",""yeniden yargılama""]";"Tanık beyanlarının mahkûmiyet hükmüne tek veya belirleyici delil olarak esas alınması halinde, tanığın duruşmada veya uygun teknolojik yöntemlerle sorgulanması zorunludur; aksi takdirde savunma hakkının etkin kullanımı engellenmiş sayılır ve adil yargılanma hakkı ihlal edilmiş olur.";"Başvurucu, Kara Harp Okulu'nda üsteğmen olarak görev yaparken, darbe teşebbüsüne ilişkin soruşturma kapsamında örgütle bağlantılı olduğu iddiasıyla yargılandı. Mahkeme, başvurucu aleyhine tanıkların ifadelerini esas alarak 15 yıl hapis cezası verdi; ancak bu tanıklar duruşmada sorgulanmadı ve sorgulama imkanı sağlanmadı. Anayasa Mahkemesi, tanıkların duruşmada veya SEGBİS yoluyla dinlenmemesi ve sorgulanmaması nedeniyle savunma hakkının zedelendiğini, bu durumun yargılamanın hakkaniyetini olumsuz etkilediğini tespit etti. Bu nedenle, tanık sorgulama hakkının ihlal edildiğine karar verildi ve yeniden yargılama yapılması gerektiği belirtildi.";"Bu karar, tanıkların duruşmada sorgulanmaması halinde, özellikle beyanlarının mahkûmiyet hükmüne belirleyici ölçüde esas alınması durumunda, adil yargılanma hakkının ihlal edileceğini net biçimde ortaya koymaktadır. Böylece, tanık sorgulama hakkının yargılamanın hakkaniyetini sağlama açısından vazgeçilmez bir unsur olduğu vurgulanmıştır.";"1) Tanık beyanlarının duruşmada sorgulanması için mahkemeden talepte bulununuz. 2) Tanıkların SEGBİS gibi teknolojik yöntemlerle dinlenmesini talep ediniz. 3) Tanık ifadelerinin mahkeme kararındaki ağırlığını ve gerekçesini dikkatle inceleyiniz. 4) Savunma hakkınızı tam kullanmak için tüm delil ve belgeleri zamanında sununuz. 5) Kanun yollarına başvururken tanık sorgulama hakkı ihlalini açıkça belirtiniz.";"geçti";"geçti";"Karar özeti somut olayı, başvurucunun görevini, yargılama sürecini, tanıkların sorgulanmamasını ve Anayasa Mahkemesinin ihlal tespitini açık ve detaylı şekilde anlatmaktadır. Neden önemli kısmı özetteki somut olayla tam uyumludur. Benzer başvuruda dikkat edilmesi gereken hususlar somut olayın gerektirdiği şekilde somut ve uygulanabilir öneriler içermektedir. Kural kısmı ise genel, kapsayıcı ve özel isim veya dava numarası içermemektedir."
"3";"2022/76279";"ÖZLEM KOÇHAN BAŞVURUSU";"İhlal";"İhlal";"Adil Yargılanma Hakkı (Suç İsnadı)";"Adil Yargılanma Hakkı";"[""savunma hakkı"",""adil yargılanma hakkı"",""duruşmaya katılma"",""mahkeme huzurunda savunma"",""savunma hakkının ihlali"",""yeniden yargılama""]";"Ceza yargılamasında, suç isnadı altındaki kişinin mahkeme huzurunda savunmasını yapabilmesi için yeterli zaman ve imkân sağlanmadan, özellikle mazeretleri uygun şekilde değerlendirilmeden savunması alınmadan kesin mahkûmiyet kararı verilmesi, Anayasa'nın 36. maddesinde güvence altına alınan adil yargılanma hakkı kapsamında savunma hakkının ihlalidir.";"Başvurucu Özlem Koçhan hakkında, müşteki H.A.'nın hakaret ve tehdit iddiaları üzerine başlatılan soruşturma sonucunda iddianame düzenlenmiş ve İstanbul 7. Asliye Ceza Mahkemesi tarafından basit yargılama usulüyle adli para cezası ile mahkûmiyet kararı verilmiştir. Başvurucu, duruşmaya mazeret bildirerek katılamayacağını belirtmiş ancak mahkeme mazereti delillendirmediği gerekçesiyle reddetmiş ve savunması alınmadan kesin mahkûmiyet kararı vermiştir. Anayasa Mahkemesi, başvurucunun mahkeme huzurunda savunma yapma imkânı sağlanmadan mahkûmiyetine karar verilmesinin savunma hakkının ihlali anlamına geldiğine hükmetmiştir. Bu nedenle karar, savunma hakkının ihlal edildiği gerekçesiyle iptal edilerek yeniden yargılama yapılmak üzere ilgili mahkemeye gönderilmiştir.";"Bu karar, ceza yargılamasında sanığın mahkeme huzurunda savunma yapma hakkının esaslı ve gerçek anlamda sağlanmasının zorunlu olduğunu vurgulamaktadır. Mahkemenin, sanığın mazeretini yeterince değerlendirmeden savunmasını almadan kesin mahkûmiyet kararı vermesi adil yargılanma hakkının ihlalidir. Karar, savunma hakkının şeklen değil, öz olarak korunması gerektiğine dair önemli bir emsal teşkil etmektedir.";"1) Duruşmaya katılamama mazeretlerini yazılı ve mümkünse belge ile destekleyin. 2) Savunma hakkınızı kullanabilmek için duruşma tarihinden önce mahkemeye mazeretinizi bildirin. 3) Mahkeme kararlarını ve tebliğ evraklarını dikkatle takip edin. 4) Savunma yapma imkânı tanınmadığında bireysel başvuru hakkınızı kullanmayı düşünün. 5) Avukatınızla düzenli iletişim kurarak savunma hazırlıklarınızı tamamlayın.";"geçti";"geçti";"Karar özeti somut olayı, başvurucunun mazeret bildirmesine rağmen mahkemenin savunma almadan kesin mahkûmiyet kararı vermesini açıkça anlatmakta, ihlal sonucuyla uyumludur. Neden önemli kısmı özetteki somut olayla tam uyumlu ve açıklayıcıdır. Benzer başvuruda dikkat edilmesi gereken hususlar somut olayla bağlantılı ve uygulanabilir niteliktedir. Kural kısmı ise genel, kapsayıcı ve özel isim veya dava numarası içermemektedir."
"4";"2022/71937";"İZMİR ÖZEL ÇAĞDAŞ EĞİTİM HİZMETLERİ TİCARET A .Ş. BAŞVURUSU";"İhlal";"İhlal";"Adil Yargılanma Hakkı (Suç İsnadı)";"Adil Yargılanma Hakkı";"[""adil yargılanma hakkı"",""silahların eşitliği ilkesi"",""çelişmeli yargılama ilkesi"",""bilirkişi incelemesi"",""idari para cezası"",""savunma hakkı""]";"Yargılamada tarafların delillere eşit erişim ve inceleme imkânı sağlanmadan, özellikle bilirkişi incelemesi talebinin gerekçesiz veya somut nedenler gösterilmeden reddedilmesi, silahların eşitliği ve çelişmeli yargılama ilkeleri kapsamında adil yargılanma hakkının ihlalidir ve bu durum yargılamanın bütünlüğünü ve hakkaniyetini zedeler.";"Başvurucu İzmir Özel Çağdaş Eğitim Hizmetleri Ticaret A.Ş., Çalışma ve Sosyal Güvenlik Bakanlığı iş müfettişlerinin raporuna dayanılarak kendisine uygulanan idari para cezasına itiraz etmiş ve bilirkişi incelemesi talep etmiştir. Ancak mahkeme, bilirkişi incelemesi yaptırmadan, başvurucunun sunduğu delilleri ve itirazlarını yeterince değerlendirmeden idari para cezasını onamıştır. Başvurucu, bu karar üzerine bireysel başvuruda bulunmuş ve Anayasa Mahkemesi, mahkemenin bilirkişi incelemesi talebini gerekçesiz reddetmesinin silahların eşitliği ve çelişmeli yargılama ilkelerine aykırı olduğu, dolayısıyla adil yargılanma hakkının ihlal edildiği sonucuna varmıştır. Mahkeme kararı iptal edilerek yeniden yargılama yapılması kararlaştırılmıştır.";"Bu karar, idari yaptırım süreçlerinde bilirkişi incelemesi talebinin reddedilmesinin, tarafların delillere eşit erişim ve savunma haklarını zedeleyebileceğini ve bu nedenle silahların eşitliği ile çelişmeli yargılama ilkeleri kapsamında adil yargılanma hakkının ihlaline yol açabileceğini ortaya koyması bakımından önemlidir. Böylece, idari para cezası gibi yaptırımlarda da adil yargılanma standartlarının titizlikle gözetilmesi gerektiği vurgulanmıştır.";"1) İtiraz dilekçesine bilirkişi incelemesi talebini açık ve ayrıntılı şekilde yazınız. 2) Talebinizi destekleyecek somut delil ve belgeleri (örneğin ödeme tabloları) ekleyiniz. 3) Mahkeme kararlarını ve gerekçelerini dikkatle inceleyip, bilirkişi talebinin reddi halinde gerekçelerin usule uygun olup olmadığını sorgulayınız. 4) İtiraz ve başvurularınızı zamanında yapmaya özen gösteriniz. 5) Yargılamanın her aşamasında delillere karşı çıkma ve yeni delil talep etme haklarınızı kullanınız.";"geçti";"geçti";"Karar özeti somut olayı, başvurucunun itirazını, bilirkişi talebinin reddini ve Anayasa Mahkemesinin ihlal kararını açık ve olay bazlı anlatmaktadır. Neden önemli kısmı özetteki somut olayla uyumludur. Benzer başvuruda dikkat edilmesi gereken hususlar somut ve ilgili olup, kural kısmı genel, kapsayıcı ve özel isim veya dava numarası içermemektedir."
"5";"2022/56189";"İLHAN BOYACIOĞLU BAŞVURUSU";"İhlal";"İhlal";"Adil Yargılanma Hakkı (Medeni Hak ve Yükümlülükler)";"Adil Yargılanma Hakkı | Mülkiyet Hakkı | Gerekçeli Karar Hakkı";"[""gerekçeli karar hakkı"",""adil yargılanma hakkı"",""gelir vergisi kesintisi"",""emeklilik ikramiyesi"",""kanun yolu incelemesi"",""emsal karar""]";"Mahkemeler, benzer uyuşmazlıklarda verilen emsal kararlara ilişkin esaslı iddia ve itirazları kanun yolu mercilerinde de değerlendirmek ve kararlarında bu hususlara ilişkin somut ve makul gerekçeler ortaya koymak zorundadır; aksi takdirde, gerekçeli karar hakkı kapsamında adil yargılanma hakkı ihlal edilmiş sayılır.";"Başvurucu, özel bir firmada çalışırken emeklilik nedeniyle iş akdinin sona erdirilmesi üzerine işveren tarafından kendisine ödenen 144.985 TL tutarındaki ek ödemenin gelir vergisinden muaf tutulması gerektiğini, ancak bu ödemenin gelir vergisine tabi tutulduğunu ve kesilen verginin iadesini talep etmiştir. Başvurucu, bu talebiyle ilgili olarak idari makamlara ve mahkemelere başvurmuş, ancak mahkeme ve istinaf mercileri, ödemenin emekli ikramiyesi niteliğinde olduğu ve gelir vergisine tabi tutulmasının hukuka uygun olduğu gerekçesiyle taleplerini reddetmiştir. Başvurucu, benzer uyuşmazlıklarda lehe kararlar bulunduğunu ve bu kararların değerlendirilmediğini ileri sürerek Anayasa Mahkemesine bireysel başvuruda bulunmuştur. Anayasa Mahkemesi, Bölge İdare Mahkemesinin benzer emsal kararlara ilişkin değerlendirme yapmamasının gerekçeli karar hakkının ihlali olduğunu tespit ederek, yeniden yargılama yapılmak üzere dosyanın ilgili mahkemeye gönderilmesine karar vermiştir.";"Bu karar, yargı mercilerinin benzer uyuşmazlıklarda verilen emsal kararlara ilişkin değerlendirme yapma ve gerekçelerini açıklama yükümlülüğünü vurgulayarak gerekçeli karar hakkının kapsamını netleştirmektedir. Başvurucunun ileri sürdüğü esaslı iddiaların kanun yolu mercilerince değerlendirilmemesi, adil yargılanma hakkı kapsamında önemli bir ihlal olarak kabul edilmiştir. Böylece, mahkemelerin kararlarında içtihat farklılıklarını dikkate alarak somut gerekçelerle açıklama yapması gerektiği yönünde emsal bir ilke ortaya konmuştur.";"1) Başvuru dilekçesine benzer uyuşmazlıklarda verilen emsal kararları ve ilgili mahkeme karar numaralarını ekleyiniz. 2) İdari başvurular ve dava süreçlerinde yapılan başvurulara verilen cevapları ve zımni ret durumlarını belgeleyiniz. 3) Vergi kesintisinin dayanağı olan ödeme türünün hukuki niteliğini açık ve somut şekilde ortaya koyunuz. 4) Kanun yollarında ileri sürülen esaslı iddia ve itirazların değerlendirilmesini talep ediniz. 5) Başvuru süresi ve usul kurallarına riayet ederek başvurularınızı zamanında yapınız.";"geçti";"geçti";"Karar özeti somut olayı, başvurucunun yaşadığı süreci ve mahkeme kararlarının gerekçelerini açıkça anlatmakta, ihlal sonucuyla uyumlu ve detaylıdır. Neden önemli kısmı özette anlatılan somut olayla tam uyumludur. Benzer başvuruda dikkat edilmesi gereken hususlar somut ve ilgili hukuki süreçlere yöneliktir. Kural kısmı ise genel, kapsayıcı ve özel isim veya dava numarası içermemektedir."
"6";"2022/44676";"BALANS TURİZM GIDA ORG . YAYINCILIK SAN . VE TİC . A .Ş. BAŞVURUSU";"İhlal";"Açıkça Dayanaktan Yoksunluk";"Adil Yargılanma Hakkı (Medeni Hak ve Yükümlülükler)";"Adil Yargılanma Hakkı | Mahkemeye Erişim Hakkı | Gerekçeli Karar Hakkı";"[""elektronik tebligat"",""mahkemeye erişim hakkı"",""gerekçeli karar hakkı"",""istinaf süresi"",""adil yargılanma hakkı"",""usulüne uygun tebligat""]";"Mahkemeye erişim hakkına yönelik müdahaleler, elektronik tebligatın usulüne uygun yapılması ve ilgili sürelerin doğru hesaplanması koşuluyla kanuni dayanağa sahip ve ölçülü sayılır; ayrıca, temyiz merciinin, istinaf kararını uygun bulması halinde aynı gerekçeyi kullanarak karar vermesi gerekçeli karar hakkının ihlal edilmediği anlamına gelir.";"Başvurucu Balans Turizm Gıda Org. Yayıncılık San. ve Tic. A.Ş., şirket bünyesinde çalışan bir işçi tarafından açılan işçilik alacakları davasında verilen mahkeme kararına karşı istinaf talebinde bulunmuştur. Ancak istinaf talebi, mahkeme kararının elektronik tebligat yoluyla usulüne uygun olarak başvurucuya ulaştığı ve istinaf süresinin geçtiği gerekçesiyle reddedilmiştir. Başvurucu, temyiz aşamasında da gerekçesiz karar verilmesi nedeniyle adil yargılanma hakkının ihlal edildiğini iddia etmiştir. Anayasa Mahkemesi, elektronik tebligatın usulüne uygun yapıldığını, istinaf süresinin doğru hesaplandığını ve temyiz merciinin gerekçeli karar hakkını ihlal etmediğini belirterek başvurunun kabul edilemez olduğuna karar vermiştir.";"Bu karar, elektronik tebligat yoluyla yapılan bildirimlerin usulüne uygun yapılması halinde, mahkemeye erişim hakkının sınırlandırılmasının ölçülü ve kanuni dayanağa sahip olduğunu teyit etmektedir. Ayrıca, temyiz merciinin gerekçeli karar verme yükümlülüğünü, istinaf kararını uygun bulması halinde aynı gerekçeyi kullanarak yerine getirebileceğini netleştirmektedir. Böylece, elektronik tebligatın hukuki sonuçları ve gerekçeli karar hakkı konusunda önemli bir içtihat oluşturulmuştur.";"1. Elektronik tebligat adresinin aktif ve doğru olduğundan emin olunuz. 2. İstinaf ve temyiz başvurularında süreleri dikkatle takip ediniz. 3. Başvurularınızda usulüne uygun vekâletname sunmayı ihmal etmeyiniz. 4. Kararların tebliğ tarihlerini resmi sistemlerden doğrulayınız. 5. Temyiz aşamasında yeni delil veya iddialar sunulmadığına dikkat ediniz.";"geçti";"geçti";"Karar özeti somut olayı, başvurucunun işçilik alacakları davası sürecinde elektronik tebligat yoluyla tebliğ edilen mahkeme kararına karşı istinaf talebinin süre aşımı nedeniyle reddedilmesini ve temyiz aşamasındaki gerekçesiz karar iddiasını açıkça anlatmakta, nihai karar sonucu ile uyumludur. Neden önemli kısmı da özette anlatılan somut olayla tam uyumlu, elektronik tebligatın usulüne uygunluğunun ve gerekçeli karar hakkının içtihat açısından önemini vurgulamaktadır. Benzer başvuruda dikkat edilmesi gereken hususlar somut olayla bağlantılı ve yüksek kaliteli hukuk terimleri içermektedir. Kural kısmı ise genel, kapsayıcı ve özel isim veya dava numarası içermeyen, gelecekte benzer uyuşmazlıklara ışık tutacak niteliktedir."
"7";"2022/33267";"TUNCAY KAPLICA BAŞVURUSU";"İhlal";"İhlal | İncelenmesine Yer Olmadığı";"Adil Yargılanma Hakkı (Medeni Hak ve Yükümlülükler) | Ayrımcılık Yasağı | Maddi ve Manevi Varlığın Korunması Hakkı";"Adil Yargılanma Hakkı | Mülkiyet Hakkı | Maddi Ve Manevi Varliğin Korunmasi Ve Geliştirilmesi Hakki | Mahkemeye Erişim Hakkı | Masumiyet Karinesi";"[""mahkemeye erişim hakkı"",""idari dava açma süresi"",""süre aşımı"",""pandemi süresinin durdurulması"",""adil yargılanma hakkı"",""kanunilik ilkesi""]";"Mahkemeye erişim hakkına yönelik müdahaleler, özellikle dava açma sürelerinin hesaplanmasında olağanüstü durumlarda yürürlüğe konulan süre durdurma düzenlemeleri gibi özel mevzuat hükümleri dikkate alınmadan ve bu düzenlemelerin öngördüğü hukuki belirlilik ve öngörülebilirlik ilkelerine uygun şekilde uygulanmadığında, bu müdahaleler kanunilik unsurundan yoksun sayılır ve adil yargılanma hakkının ihlali sonucunu doğurur.";"Başvurucu, Olağanüstü Hal Kapsamında kamu görevinden çıkarıldıktan sonra, Olağanüstü Hal İşlemleri İnceleme Komisyonu kararıyla kamu görevine iade edilmiş ancak eski kadro ve görevine atanması yapılmamıştır. İdare tarafından farklı bir kadroya atanması üzerine başvurucu, atama işleminin iptali ve yoksun kaldığı hakların iadesi için dava açmıştır. İlk derece mahkemesi davayı kabul etmiş, ancak istinaf mahkemesi COVID-19 pandemi sürecinde dava açma sürelerinin durdurulması düzenlemesini dikkate almadan davayı süre aşımı nedeniyle reddetmiştir. Anayasa Mahkemesi, istinaf mahkemesinin süre hesabında hatalı değerlendirme yaparak başvurucunun mahkemeye erişim hakkını engellediğine ve bu nedenle adil yargılanma hakkının ihlal edildiğine karar vermiştir.";"Bu karar, pandemi sürecinde dava açma sürelerinin durdurulması düzenlemesinin mahkemelerce doğru uygulanmasının önemini vurgulamaktadır. Mahkemeye erişim hakkının, özellikle olağanüstü durumlarda bile hukuki sürelerin öngörülebilir ve erişilebilir şekilde uygulanması gerektiğini ortaya koyarak, hak arama özgürlüğünün korunması açısından emsal teşkil etmektedir.";"1) Pandemi ve benzeri olağanüstü durumlarda dava açma sürelerinin durdurulup durdurulmadığını mevzuattan ve resmi duyurulardan teyit edin. 2) Dava dilekçenizi sürenin son gününden önce mahkemeye ulaştırmaya özen gösterin. 3) Süre hesaplamasında yürürlükteki özel düzenlemeleri ve istisnaları dikkate alın. 4) İdari işlemin tebliğ tarihini ve dava açma süresinin başlangıcını kesin olarak belgeleyin. 5) İtiraz ve istinaf başvurularında süre aşımı iddialarına karşı hukuki gerekçelerinizi açıkça belirtin.";"geçti";"geçti";"Karar özeti somut olayı, başvurucunun görevden çıkarılması, iade edilmesi ancak eski görevine atanmayışı ve mahkeme sürecindeki süre aşımı hatasını açıkça anlatmakta, karar sonucu ile uyumludur. Neden önemli kısmı özetteki pandemi sürecinde süre durdurma düzenlemesinin mahkemelerce doğru uygulanmasının önemini vurgulamakta ve olayla uyumludur. Benzer başvuruda dikkat edilmesi gereken hususlar somut olay ve kararla uyumludur. Kural kısmı ise genel, kurumsal ve özel isimlerden arındırılmış, gelecekte benzer uyuşmazlıklara ışık tutacak niteliktedir."
"8";"2022/32592";"SAMET SOMUNCU BAŞVURUSU";"İhlal";"Açıkça Dayanaktan Yoksunluk";"Adil Yargılanma Hakkı (Medeni Hak ve Yükümlülükler)";"Adil Yargılanma Hakkı | Gerekçeli Karar Hakkı";"[""disiplin cezası"",""sicil notu iptali"",""takdir yetkisi"",""adil yargılanma hakkı"",""gerekçeli karar hakkı"",""açık keyfîlik"",""delil değerlendirmesi""]";"Mahkemeler, disiplin cezalarına dayalı sicil notu gibi idari işlemlerde takdir yetkilerini kullanırken, kararlarında somut ve makul gerekçelerle objektiflikten sapmadıklarını göstermelidir. Anayasa Mahkemesi ise, ancak mahkemelerin değerlendirmelerinde açık bir keyfîlik ve usule ilişkin güvencelerin anlamsız hale gelmesi gibi istisnai durumlarda müdahale edebilir. Bu çerçevede, adil yargılanma ve gerekçeli karar haklarının korunması ile yargı mercilerinin takdir yetkisinin dengelenmesi sağlanmalıdır.";"Başvurucu Samet Somuncu, Diyarbakır İl Jandarma Komutanlığında sözleşmeli uzman çavuş olarak görev yaparken, 2017 yılı sicil notunun düşük verilmesi üzerine iptali talebiyle dava açmıştır. Sicil notunun dayanağı olan disiplin cezalarından bazıları (kınama cezaları) mahkemelerce iptal edilmiş, ancak diğer cezalar (uzun ve kısa süreli durdurma cezaları) kesinleşmiş ve mahkemelerce hukuka uygun bulunmuştur. Başvurucu, sicil notunun bu cezalar kesinleşmeden verildiğini ve somut gerekçe belirtilmediğini iddia etmiştir. Diyarbakır 1. İdare Mahkemesi ve Gaziantep Bölge İdare Mahkemesi, başvurucunun disiplin cezalarına ilişkin itirazlarını ve sicil notunun belirlenmesini hukuka uygun bularak davayı reddetmiştir. Anayasa Mahkemesi, mahkemelerin delil değerlendirmesi ve hukuk kurallarının somut olaya uygulanmasında bariz bir takdir hatası veya açık keyfîlik bulunmadığını, başvurucunun iddialarının esasen kanun yolunda değerlendirilmesi gereken takdir yetkisi ve delil değerlendirmesi kapsamında olduğunu belirlemiştir. Bu nedenle, hakkaniyete uygun yargılanma hakkı ve gerekçeli karar hakkı ihlali iddialarının açıkça dayanaktan yoksun olduğu sonucuna varmıştır.";"Bu karar, disiplin cezalarına dayalı sicil notu işlemlerinde mahkemelerin takdir yetkisi ve delil değerlendirmesi sınırlarını netleştirmekte, Anayasa Mahkemesinin bu takdir yetkisine müdahale koşullarını açıklamaktadır. Özellikle, mahkemelerin somut ve makul gerekçelerle objektiflikten sapmadıklarını göstermeleri gerektiği, Anayasa Mahkemesinin ise ancak açık bir keyfîlik ve usule ilişkin güvencelerin anlamsız hale gelmesi durumunda müdahale edebileceği vurgulanmaktadır. Bu yaklaşım, adil yargılanma ve gerekçeli karar haklarının korunması ile yargı mercilerinin takdir yetkisinin dengelenmesi açısından önem taşımaktadır.";"1) Disiplin cezalarına ilişkin tüm kararların kesinleşme durumunu ve mahkeme kararlarını açıkça belirtmek; 2) Sicil notunun dayanağı olan disiplin cezalarına ilişkin belgeleri eksiksiz ve somut şekilde sunmak; 3) Mahkeme kararlarına karşı kanun yollarını zamanında ve usulüne uygun kullanmak; 4) Başvuruda, mahkeme kararlarının açıkça dayanaktan yoksun olduğunu somut delillerle ortaya koymak; 5) Gerekçeli karar talebinde, mahkemenin iddialara makul ve somut yanıt verip vermediğini dikkatle incelemek; 6) Takdir yetkisi ve delil değerlendirmesi alanındaki sınırları iyi anlamak ve iddiaları bu çerçevede yapılandırmak.";"geçti";"geçti";"Karar özeti somut olayları, başvurucunun disiplin cezalarını, mahkeme süreçlerini ve Anayasa Mahkemesi değerlendirmesini açık ve detaylı şekilde anlatmakta; neden önemli kısmı özetteki somut olay ve kararla uyumlu; benzer başvuruda dikkat edilmesi gereken hususlar somut ve kapsamlı; kural kısmı ise genel, kapsayıcı ve özel isimlerden arındırılmıştır."
"9";"2022/24797";"P . Ş . BAŞVURUSU";"İhlal";"Anayasal Ve Kişisel Önemin Olmaması";"Adil Yargılanma Hakkı (Medeni Hak ve Yükümlülükler)";"Mülkiyet Hakkı";"[""mülkiyet hakkı ihlali"",""icra takibinde usul şartları"",""bireysel başvuru kabul edilebilirlik"",""idari işlemin şikâyeti"",""Anayasa Mahkemesi içtihatları""]";"Bireysel başvurularda, mülkiyet hakkı ihlali iddiasının kabul edilebilmesi için başvurucunun uğradığı zararın somut, önemli ve kişisel öneme sahip olması; ayrıca başvurunun Anayasa'nın uygulanması ve yorumlanması açısından anayasal önem taşıması gerekir; aksi halde, başvuru anayasal ve kişisel önemden yoksun bulunarak kabul edilemez.";"Başvurucu, Siirt İdare Mahkemesinde lehine verilen vekâlet ücretinin tahsili için icra takibi başlatmış, ancak icra müdürü başvurucunun idareye önceden başvurduğuna dair belge sunmaması nedeniyle takibi reddetmiştir. Başvurucu, bu işlemi şikâyet etmiş ancak mahkeme şikâyeti reddetmiştir. Başvurucu, mahkemenin kararının ardından mülkiyet hakkının ihlal edildiğini iddia ederek bireysel başvuruda bulunmuştur. Anayasa Mahkemesi, başvurunun anayasal ve kişisel önem taşımadığı ve başvurucunun önemli bir zarara uğramadığı gerekçesiyle başvuruyu kabul edilemez bulmuştur.";"Bu karar, bireysel başvurularda anayasal ve kişisel önem kriterlerinin uygulanması bakımından emsal teşkil etmektedir; özellikle mülkiyet hakkı ihlali iddialarında, başvurucunun uğradığı zararın somut ve önemli olması gerektiği vurgulanmıştır. Ayrıca, idari işlemlere karşı açılan şikâyetlerde usul şartlarının yerine getirilmemesinin sonuçları ve bu durumun bireysel başvuru yoluyla değerlendirilmesi açısından sınırlar netleştirilmiştir.";"1) İcra takibi başlatmadan önce ilgili idari mercilere başvuru yapıldığını belgelemek, 2) Şikâyet dilekçesine usule ilişkin tüm delilleri eksiksiz eklemek, 3) Başvuru süresine dikkat ederek zamanında bireysel başvuruda bulunmak, 4) Zararın somut ve önemli olduğunu açıklayan belgeler sunmak, 5) Mahkeme kararlarının gerekçelerini dikkatle inceleyip itiraz ve temyiz yollarını etkin kullanmak.";"geçti";"geçti";"Karar özeti somut olayı, başvurucunun icra takibi sürecini ve mahkeme kararını açıkça anlatmakta, ihlal sonucuyla uyumlu ve kuru hüküm listesi içermemektedir. Neden önemli kısmı özetteki somut olayla uyumludur. Benzer başvurularda dikkat edilmesi gereken hususlar somut olayla bağlantılı ve kapsamlıdır. Kural kısmı ise genel, kapsayıcı ve özel isim veya dava numarası içermemektedir."
"10";"2022/15459";"YASİN PALUT BAŞVURUSU";"İhlal";"Açıkça Dayanaktan Yoksunluk | Başvuru Yollarının Tüketilmemesi";"Adil Yargılanma Hakkı (Suç İsnadı) | Özel Hayata ve Aile Hayatına Saygı Hakkı | Suç ve Cezaların Kanuniliği İlkesi";"Adil Yargılanma Hakkı | Gerekçeli Karar Hakkı";"[""tanık sorgulama hakkı"",""adil yargılanma hakkı"",""gerekçeli karar"",""delil değerlendirmesi"",""savunma hakkı"",""mahkeme kararı denetimi""]";"Tanık beyanları mahkûmiyet hükmüne tek veya belirleyici delil olarak esas alındığında, tanığın duruşmada veya uygun teknolojik yöntemlerle sorgulanması zorunludur; aksi takdirde savunma hakkının etkin kullanımı engellenmiş sayılır ve adil yargılanma hakkı ihlal edilmiş olur; ayrıca, mahkeme kararları, hükme esas olan tüm esaslı iddia ve savunmalara açık, ilgili ve yeterli gerekçeyle yanıt vermek zorundadır.";"Başvurucu Yasin Palut, FETÖ/PDY terör örgütü üyesi olduğu iddiasıyla soruşturulmuş ve HTS kayıtları ile tanık beyanlarına dayanılarak mahkûm edilmiştir. Ancak, mahkeme sürecinde, başvurucunun aleyhinde belirleyici delil olarak kullanılan tanık A.Y. duruşmada sorgulanmamış, bu durum savunma hakkının etkin kullanılmasını engellemiştir. Ayrıca, kararın gerekçesinde başvurucunun savunmalarına ilişkin bazı önemli iddialar yeterince değerlendirilmemiştir. Sonuç olarak, Anayasa Mahkemesi, tanık sorgulama hakkı ve gerekçeli karar hakkının ihlal edildiğine karar vermiştir.";"Bu karar, tanık beyanlarının mahkûmiyet hükmüne esas alınması durumunda, tanığın duruşmada sorgulanmasının zorunlu olduğunu ve bu hakkın ihlalinin adil yargılanma hakkını doğrudan etkilediğini vurgulamaktadır. Ayrıca, gerekçeli karar hakkının, mahkeme kararının sonucunu etkileyen iddialara açık ve yeterli yanıt verilmesini gerektirdiğini ortaya koyarak, yargılamanın şeffaflığı ve savunma hakkının korunması açısından önemli bir emsal teşkil etmektedir.";"1. Tanık beyanlarının duruşmada sorgulanması için talepte bulununuz ve bu talebin reddi halinde gerekçesini yazılı olarak isteyiniz. 2. Savunmanızı destekleyecek somut delilleri ve tanık beyanlarını dosyaya sununuz. 3. İddianame ve delil listesi gibi tüm evrakların tarafınıza eksiksiz tebliğ edildiğinden emin olunuz. 4. Kanun yollarında ileri sürdüğünüz iddiaların açık ve net şekilde değerlendirilmesini talep ediniz. 5. Süreler konusunda dikkatli olunuz, başvurularınızı zamanında yapınız.";"geçti";"geçti";"Karar özeti, başvurucunun FETÖ/PDY üyeliği iddiasıyla soruşturulması, HTS kayıtları ve tanık beyanlarına dayalı mahkumiyeti, tanık A.Y.'nin duruşmada sorgulanmaması nedeniyle savunma hakkının engellenmesi ve gerekçeli karar hakkının ihlali iddialarını somut olay bağlamında açıkça anlatmaktadır. Neden önemli kısmı ve benzer başvuruda dikkat edilmesi gereken hususlar özetteki somut olayla tam uyumludur. Kural kısmı ise genel, kapsayıcı ve özel isim veya dava numarası içermeyen, gelecekte benzer uyuşmazlıklara ışık tutacak niteliktedir."
"11";"2022/9116";"SEVİNÇ SERPİL TATLI BAŞVURUSU";"İhlal";"İhlal";"Adil Yargılanma Hakkı (Suç İsnadı)";"Adil Yargılanma Hakkı | Mahkemeye Erişim Hakkı | Gerekçeli Karar Hakkı";"[""gerekçeli karar hakkı"",""adil yargılanma hakkı"",""ceza artırımının hukuki şartları"",""mahkeme kararlarının denetlenmesi"",""savunma hakkının kapsamı"",""yeniden yargılama""]";"Mahkemeler, kararlarında davanın esasını etkileyen tüm önemli iddiaları ve itirazları açıkça değerlendirmek ve somut delillerle bağ kurmak suretiyle gerekçelendirmek zorundadır; aksi halde gerekçeli karar hakkının ihlali söz konusu olur ve bu durum adil yargılanma hakkının temel güvencesi olan yargılamanın denetlenmesini engeller.";"Başvurucu Sevinç Serpil Tatlı, komşusu Ö.B.'nin kendisine hakaret ve tehdit ettiği iddiasıyla başlatılan soruşturma sonucunda hakaret suçundan adli para cezası ile cezalandırılmıştır. Mahkeme, başvurucunun Facebook üzerinden aleni hakaret ettiği gerekçesiyle cezada artırım yapmış ancak başvurucu böyle bir paylaşım yapmadığını ve olayın kendisine hakaret edilmesiyle başladığını ileri sürmüştür. Mahkeme, bu esaslı iddiaları gerekçeli kararında değerlendirmemiş ve ceza artırımını hatalı şekilde uygulamıştır. Anayasa Mahkemesi, gerekçeli karar hakkının ihlal edildiğine karar vererek dosyanın yeniden yargılama yapılmak üzere mahkemeye gönderilmesine hükmetmiştir.";"Bu karar, mahkemelerin gerekçeli kararlarında, davanın esasını etkileyen önemli iddiaları açık ve somut şekilde değerlendirmesinin zorunlu olduğunu vurgulamaktadır. Özellikle ceza artırımına esas alınan somut delillerin bulunmadığı durumlarda, mahkemenin bu hususları açıklaması ve tarafların savunma haklarını tam olarak gözetmesi gerekmektedir. Karar, gerekçeli karar hakkının adil yargılanma hakkının temel unsurlarından biri olduğunu bir kez daha teyit etmiştir.";"1. Gerekçeli kararda, davanın tüm esaslı iddialarının açık ve somut şekilde değerlendirilmesini talep edin. 2. Ceza artırımına esas alınan delillerin somut ve doğru olduğuna dair belgeleri dosyaya ekleyin. 3. Savunma hakkınızı kullanırken, olayın tüm yönlerini ve karşı iddiaları yazılı olarak mahkemeye sunun. 4. Karar tebliğinden sonra itiraz ve temyiz sürelerine dikkat edin. 5. Gerekirse, hukuki temsilcinizle gerekçeli kararın eksikliklerini ve hatalarını detaylı şekilde tartışın.";"geçti";"geçti";"Karar özeti somut olayı, başvurucunun yaşadığı hukuki süreci ve mahkemenin gerekçelendirme eksikliğini açıkça anlatmakta, karar sonucu ile uyumlu ve olay tabanlıdır. Neden önemli kısmı özetteki somut olayla tam uyumludur. Benzer başvuruda dikkat edilmesi gereken hususlar somut olay ve kararla uyumludur. Kural kısmı ise genel, kapsayıcı ve özel isim veya dava numarası içermemektedir."
"12";"2022/6674";"ALİ SUNAR BAŞVURUSU";"İhlal";"Başvuru Yollarının Tüketilmemesi | Açıkça Dayanaktan Yoksunluk";"Adil Yargılanma Hakkı (Suç İsnadı)";"Adil Yargılanma Hakkı | Masumiyet Karinesi";"[""masumiyet karinesi"",""makul sürede yargılanma hakkı"",""terör örgütü üyeliği soruşturması"",""yetki uyuşmazlığı"",""bireysel başvuru yolları"",""adil yargılanma hakkı""]";"Masumiyet karinesi, hakkında kesin mahkûmiyet kararı verilinceye kadar kişinin suçlu olarak nitelendirilemeyeceğini ve kamu makamlarının bu süreçte bireye cezai sorumluluk yükleyen ifadeler kullanmaması gerektiğini; ayrıca makul sürede yargılanma hakkı ihlali iddialarında ise başvuru yollarının tüketilmesi zorunludur ve bu yollar tüketilmeden yapılan başvurular kabul edilemez.";"Başvurucu Ali Sunar hakkında terör örgütüne üye olma suçlamasıyla soruşturma başlatılmış, ancak soruşturma sürecinde uzun süre işlem yapılmamıştır. İddianame düzenlenmiş ve dava İstanbul 24. Ağır Ceza Mahkemesinde devam etmektedir. Başvurucu, soruşturmanın uzun sürmesi nedeniyle masumiyet karinesinin ve makul sürede yargılanma hakkının ihlal edildiğini ileri sürmüştür. Anayasa Mahkemesi, masumiyet karinesinin ihlal edildiğine dair iddianın dayanaktan yoksun olduğunu, makul sürede yargılanma hakkı iddiasının ise başvuru yolları tüketilmeden yapıldığını belirterek başvuruyu kabul edilemez bulmuştur.";"Bu karar, terör suçları kapsamında yürütülen soruşturmalarda uzun süren işlemlerin masumiyet karinesi ve makul sürede yargılanma hakkı açısından nasıl değerlendirileceğine ilişkin önemli bir içtihat sunmaktadır. Özellikle soruşturmanın uzun sürmesi nedeniyle masumiyet karinesinin ihlal edildiği iddialarının somut delil olmadan kabul edilemeyeceği ve makul sürede yargılanma hakkı ihlali iddialarında başvuru yollarının tüketilmesinin zorunlu olduğu vurgulanmıştır.";"1) Soruşturma ve yargılama süreçlerinde somut delil ve belge sunulması, 2) Makul sürede yargılanma hakkı ihlali iddialarında ilgili tazminat komisyonu gibi başvuru yollarının tamamlanması, 3) Yetki uyuşmazlıklarının giderilmesi için ilgili mahkemelere başvurulması, 4) Savunma hakkının etkin kullanımı için bilirkişi raporları ve tanık ifadelerinin dosyaya eksiksiz eklenmesi, 5) İdari işlemler nedeniyle mağduriyet varsa bunun yargı kararlarıyla ilişkilendirilmesi.";"geçti";"geçti";"Karar özeti somut olayı, başvurucunun terör örgütü üyeliği soruşturması sürecini ve iddialarını açıkça anlatmakta, karar sonucu ile uyumlu ve kuru hüküm listesi olmaktan uzak. Neden önemli kısmı özetteki somut olayla tam uyumlu, benzer başvuruda dikkat edilmesi gereken hususlar somut ve ilgili. Kural kısmı genel, kapsayıcı ve özel isim veya dava numarası içermemekte."
"13";"2021/62793";"BAYRAM TURHAN BAŞVURUSU";"İhlal";"İhlal";"Adil Yargılanma Hakkı (Suç İsnadı)";"Adil Yargılanma Hakkı | Gerekçeli Karar Hakkı";"[""gerekçeli karar hakkı"",""adil yargılanma hakkı"",""HTS kayıtları delili"",""ardışık arama yöntemi"",""bilirkişi incelemesi"",""terör örgütü üyeliği delilleri""]";"Ceza yargılamasında, özellikle terör örgütü üyeliği gibi ağır suçlamalarda, mahkemeler kararlarında esaslı savunma ve itirazları açık, ilgili ve yeterli gerekçeyle değerlendirmek ve hükme esas olan tüm önemli iddialara yanıt vermek zorundadır; aksi halde gerekçeli karar hakkı ve adil yargılanma hakkı ihlal edilmiş sayılır.";"Başvurucu Bayram Turhan, FETÖ/PDY'nin askerî mahrem yapılanmasıyla bağlantılı olduğu iddiasıyla ceza davasına konu edilmiştir. HTS kayıtları ve bilirkişi raporları doğrultusunda, başvurucunun örgütün sabit hatlarından ardışık ve tekil aramalarla iletişim kurduğu tespit edilmiş, ancak başvurucunun savunmalarına ve itirazlarına mahkemece yeterince yanıt verilmemiştir. Mahkeme, bu delillerle başvurucuyu terör örgütü üyeliğinden mahkûm etmiş, ancak Anayasa Mahkemesi, gerekçeli karar hakkının ihlal edildiğini belirterek, başvurucunun esaslı iddialarının kararda açıkça değerlendirilmediğini ve yeniden yargılama yapılması gerektiğini karara bağlamıştır.";"Bu karar, ceza yargılamasında gerekçeli karar hakkının, özellikle terör örgütü üyeliği gibi ağır suçlamalarda, esaslı savunma ve itirazların mahkemece açık ve yeterli şekilde değerlendirilmesinin zorunlu olduğunu vurgulamaktadır. Böylece, mahkemelerin delilleri ve savunmaları kapsamlı biçimde incelemeden hüküm vermesinin adil yargılanma hakkını ihlal edeceği yönünde önemli bir emsal teşkil etmektedir.";"1) HTS kayıtları ve bilirkişi raporları gibi teknik delillerin somut ve ayrıntılı şekilde incelenmesini talep edin. 2) Mahkemece esaslı iddialarınıza açık ve yeterli yanıt verilmesini isteyin. 3) Ardışık arandığınız kişiler hakkında soruşturma veya kovuşturma olup olmadığını araştırılmasını talep edin. 4) Kullandığınız hatlar dışında başka hat kullanıp kullanmadığınızın araştırılmasını sağlayın. 5) Tanık olarak dinlenilmesi gereken kişilerin mahkemede dinlenmesini talep edin.";"geçti";"geçti";"Karar özeti somut olayı, başvurucunun hangi delillerle suçlandığını ve mahkemenin gerekçeli karar hakkını ihlal ettiğini açıkça anlatmaktadır. Neden önemli kısmı özetteki somut olayla uyumludur. Benzer başvuruda dikkat edilmesi gereken hususlar somut ve ilgili delillere yöneliktir. Kural kısmı ise genel, kurumsal ve özel isimlerden arındırılmıştır."
"14";"2021/58283";"MUSTAFA SEYHAN BAŞVURUSU";"İhlal";"İncelenmesine Yer Olmadığı | Süre Aşımı | Başvuru Yollarının Tüketilmemesi | Açıkça Dayanaktan Yoksunluk | İhlal";"Suç ve Cezaların Kanuniliği İlkesi | Özel Hayata ve Aile Hayatına Saygı Hakkı | Adil Yargılanma Hakkı (Suç İsnadı) | Kişi Özgürlüğü ve Güvenliği Hakkı | Mülkiyet Hakkı | Ayrımcılık Yasağı";"Adil Yargılanma Hakkı | Mülkiyet Hakkı | Kişi Özgürlüğü ve Güvenliği Hakkı | Aile Hayatına Saygı Hakkı | Haberleşme Hürriyeti | Gerekçeli Karar Hakkı | Masumiyet Karinesi";"[""gerekçeli karar hakkı"",""adil yargılanma ilkesi"",""terör örgütü üyeliği"",""KPSS sınav usulsüzlüğü"",""delil değerlendirmesi"",""yeniden yargılama""]";"Ceza yargılamalarında, özellikle terör örgütü üyeliği gibi ağır suçlarda, mahkemeler somut delilleri açık ve ayrıntılı şekilde gerekçelendirmek zorundadır; gerekçeli karar hakkının ihlali, adil yargılanma hakkının temel unsurlarından biri olarak kabul edilir ve bu ihlal tespit edildiğinde, yargılamanın yenilenmesi gerekir.";"Başvurucu Mustafa Seyhan, 2010 KPSS sınavında eğitim bilimleri testinde olağanüstü yüksek başarı göstermiş, ancak sınavın iptal edilmesi üzerine yapılan tekrarlanan sınavda başarısı belirgin şekilde düşmüştür. Başvurucu hakkında, sınav sorularının önceden örgüt tarafından temin edilerek sınavda hile yapıldığı ve bu nedenle FETÖ/PDY terör örgütüne üye olduğu iddiasıyla dava açılmış ve mahkûmiyet kararı verilmiştir. Mahkeme, başvurucunun sınavdaki yüksek başarısının gerçek yeteneğini yansıtmadığına, örgütle bağlantılı olduğuna ve hileli şekilde kamu görevine atandığına kanaat getirmiştir. Anayasa Mahkemesi ise, verilen mahkûmiyet kararının gerekçeli karar hakkını ihlal ettiğine karar vererek, yeniden yargılama yapılması gerektiğini hükme bağlamıştır.";"Bu karar, terör örgütü üyeliği suçlamalarında gerekçeli karar hakkının önemini ve mahkemelerin somut delilleri ayrıntılı ve açık şekilde gerekçelendirmesi gerektiğini vurgulamaktadır. Özellikle sınav usulsüzlükleri gibi karmaşık delil ve kanaatlere dayanan davalarda, adil yargılanma ve gerekçeli karar ilkelerinin titizlikle uygulanması gerektiğine dair emsal teşkil etmektedir.";"1) Başvuru dilekçesine tüm savunma ve deliller eksiksiz eklenmeli, 2) Gerekçeli kararın tam metni ve ilgili tüm yargı kararları başvuruya dahil edilmeli, 3) Başvuru süresi ve usul kurallarına dikkat edilmeli, 4) İddia edilen suçun somut delilleri ve bağlantıları açıkça ortaya konmalı, 5) İlgili iletişim ve sınav kayıtları gibi teknik delillerin tam ve doğru sunulması sağlanmalı.";"geçti";"geçti";"Karar özeti somut olayı, başvurucunun sınavdaki durumu, soruşturma ve mahkeme sürecini detaylı ve açık şekilde anlatmakta, ihlal sonucuyla uyumlu. Neden önemli kısmı özetteki somut olay ve kararla tam uyumlu. Benzer başvuruda dikkat edilmesi gereken hususlar somut olay ve karar süreciyle paralel. Kural kısmı ise genel, kapsayıcı ve özel isim veya dava numarası içermemekte, gelecekteki benzer davalara ışık tutacak nitelikte."
"15";"2021/41112";"MÜRSEL KAYA BAŞVURUSU";"İhlal";"İhlal";"Adil Yargılanma Hakkı (Medeni Hak ve Yükümlülükler)";"Adil Yargılanma Hakkı | Gerekçeli Karar Hakkı";"[""gerekçeli karar hakkı"",""adil yargılanma hakkı"",""tam yargı davası"",""idari işlemin iptali"",""usulüne uygun yıkım"",""mülkiyet hakkı ihlali""]";"Mahkemeler, tam yargı davalarında dava konusu idari işlemin usul ve esas yönlerine ilişkin başvurucunun esaslı iddialarını makul ve somut gerekçelerle inceleyip, davanın sonucuna etkili hususlarda açık, ilgili ve yeterli gerekçeyle karar vermek zorundadır; aksi halde gerekçeli karar hakkı ve adil yargılanma hakkı ihlal edilmiş sayılır.";"Başvurucu, murisi adına kayıtlı olan ve metruk olduğu gerekçesiyle yıkılan taşınmazın yıkımına ilişkin usulüne uygun bir idari işlem yapılmadığını, kendisine tebligat yapılmadığını ve bu nedenle iptal davası açma imkânı bulunmadığını ileri sürerek maddi zararının tazmini talebiyle tam yargı davası açmıştır. Mahkeme, yıkım işleminin hukuka uygunluğunun idari yargı mercilerince incelenmediği ve iptal davası açılmadığı gerekçesiyle davayı reddetmiş, ancak yıkım kararının usulüne uygunluğu ve tebligat yapılmaması hususlarını değerlendirmemiştir. Anayasa Mahkemesi, mahkemenin dava konusu taşınmazın yıkımına ilişkin iddiaları esaslı şekilde incelemeyip, gerekçeli karar vermemesi nedeniyle adil yargılanma hakkı kapsamında gerekçeli karar hakkının ihlal edildiğine karar vermiştir.";"Bu karar, idari işlemlere karşı açılan tam yargı davalarında mahkemelerin, dava konusu işlemin usul ve esas yönlerini somut ve makul gerekçelerle inceleyip karar vermesi gerektiğini ortaya koymaktadır. Özellikle, yıkım gibi mülkiyet hakkını doğrudan etkileyen işlemlerde, mahkemelerin gerekçeli karar hakkını ihlal etmeden, başvurucunun esaslı iddialarını değerlendirmesi zorunludur. Böylece, adil yargılanma hakkının temel unsurlarından biri olan gerekçeli karar hakkının korunması sağlanmaktadır.";"1) Dava dilekçesine, idari işlemin usulüne uygun yapılmadığını gösteren somut deliller ekleyiniz. 2) İdari işlemin tebliğ edilip edilmediğine dair belgeleri dosyaya sununuz. 3) İptal davası açma imkânınızın bulunmadığını ve bu nedenle tam yargı davası açtığınızı açıkça belirtiniz. 4) Mahkemenin kararında esaslı iddialarınızın karşılanmadığı durumlarda gerekçeli karar talebinde bulununuz. 5) Başvurunuzu zamanında yaparak usul kurallarına riayet ediniz.";"geçti";"geçti";"Karar özeti somut olayı, başvurucunun yıkım işlemi nedeniyle maddi zarar talebini, mahkemenin usul ve esas yönleri incelemeyişini ve Anayasa Mahkemesinin gerekçeli karar hakkı ihlalini açıkça anlatmaktadır. Neden önemli kısmı özetteki somut olayla uyumludur. Benzer başvurularda dikkat edilmesi gereken hususlar somut ve faydalı öneriler içermektedir. Kural kısmı ise genel, kapsayıcı ve özel isim veya dava numarası içermemektedir."
